Flow Duration,Total Fwd Packets,Total Length of Fwd Packets,Fwd Packet Length Mean,Fwd Packet Length Std,Fwd Packet Length Max,Fwd Packet Length Min,Flow IAT Mean,Flow IAT Std,Flow IAT Max,Flow IAT Min,SYN Flag Count,RST Flag Count,FIN Flag Count,Fwd Header Length,Feature_15,Feature_16,Feature_17,Feature_18,Feature_19,Feature_20,Feature_21,Feature_22,Feature_23,Feature_24,Feature_25,Feature_26,Feature_27,Feature_28,Feature_29,Feature_30,Feature_31,Feature_32,Feature_33,Feature_34,Feature_35,Feature_36,Feature_37,Feature_38,Feature_39,Feature_40,Feature_41,Feature_42,Feature_43,Feature_44,Feature_45,Feature_46,Feature_47,Feature_48,Feature_49,Feature_50,Feature_51,Feature_52,Feature_53,Feature_54,Feature_55,Feature_56,Feature_57,Feature_58,Feature_59,Feature_60,Feature_61,Feature_62,Feature_63,Feature_64,Feature_65,Feature_66,Feature_67,Feature_68,Feature_69,Feature_70,Feature_71,Feature_72,Feature_73,Feature_74,Feature_75,Feature_76,Feature_77,Ground_Truth_Label
18.65142201611679,30026.0,0.11361411795253343,0.15052769227244167,0.09463654600604816,0.1371065350106713,0.037150509180255906,0.00016587092392637406,0.11128684394071056,0.14189866811342158,0.0840475688370906,43399.0,0.10804686940788724,0.07826374133527905,0.11810255313152301,0.1044092130303587,0.089755009305049,0.08704984185476429,0.2060241316848473,0.04926247560372396,0.07416474409411312,0.09332167613865842,0.17146883719066636,0.13652580810481257,0.06192912729403427,0.09676498342976417,0.08455107555654805,0.045690442974232096,0.05315035149622668,0.16845469912497962,0.11486592518990905,0.1092643977040599,0.12980458779715096,0.10901221786752902,0.09484327138826355,0.1397927222151659,0.10550383068770068,0.199858427138499,0.10546991867074149,0.09801881270777696,0.10850676715742494,0.09159455849261575,0.006736852991362743,0.12646507838316165,0.05504111960579986,0.11407674020912911,0.12634369232827838,0.09967040909298072,0.17971467903707383,0.01390265085972088,0.1153753006859164,0.16588027192484212,0.005891459750847677,0.07214986965930008,0.09253176676790144,0.05348232964504644,0.08785013185385813,0.08615142947623142,0.0812647951573949,0.07189953205648547,0.1263145943558819,0.1364021535625171,0.19202150778216037,0.12600388846123523,0.14109827064380953,0.062020133668260466,0.05912601850321817,0.0443712074819542,0.02937214161733341,0.1108488741660187,0.08665959490496312,0.06695096248208864,0.2094782998602794,0.05331468375899724,0.10607017614738526,0.03985684576090342,0.051205383234271165,0.017782529723318077,DoS / DDoS Flood
2081.7640635959397,882.0,0.09509945890820856,0.0270422489287086,0.1431755238928824,0.03397845596355084,0.11228121058667626,0.07213133293945098,0.13606750090030778,0.13144192508275163,0.12354244110340201,0.15877579805385508,484.0,0.0,0.13807677147084263,0.14072060943738185,0.07142209599539846,0.05415799330016857,0.08915096153369567,0.06415424819671084,0.08326232653932908,0.08160844385789906,0.0,0.1352349612567065,0.13654120140150977,0.18861907698613362,0.11684921940440805,0.10124171142821922,0.08040502631305291,0.16752406021949073,0.08002494758227638,0.18692695100232368,0.10036391856536088,0.04817834925231523,0.015391467824344585,0.15201733051092972,0.08669223379222726,0.1331810936217062,0.07058501572445164,0.17554359683808524,0.10631772080198826,0.04061381790830109,0.08819871628549204,0.020657819861393145,0.052659434571158736,0.09521220854897074,0.06136110226937497,0.09003342734558155,0.013319785414364016,0.16475346523577544,0.05532887021737662,0.1205369234004288,0.0,0.018322079496023574,0.0964161365755592,0.15209594605197913,0.11807629640682116,0.0924210262948996,0.11002801354948426,0.0,0.11242146179009643,0.03724267438483378,0.024018328852107196,0.21919231243105552,0.10070106697638859,0.11201614611552659,0.10171777643494985,0.06733846557897794,0.10377948199798692,0.15500452243665794,0.12084702075497841,0.17422915128114663,0.09872767417348244,0.1184482746818432,0.07589689139482904,0.0,0.09920683635628354,0.05694822741949361,Brute Force (SSH/FTP)
1589.8966271606923,649.0,0.1807493935644957,0.12922297986739592,0.12364025900009687,0.10812743673012443,0.10446797637182755,0.0,0.10766323409823293,0.12722479355387542,0.09801075033780825,0.13049415561139804,302.0,0.15196721554491294,0.03031389355528595,0.21473697891898869,0.03463903099923914,0.07165135161559348,0.029693295456981017,0.12911174960639582,0.1272508462230329,0.10021066862129153,0.08758550330834822,0.10391518597549688,0.0,0.0780607393004168,0.11774498227328074,0.17722035251697726,0.10822517914531128,0.0985636835420437,0.2141897028988357,0.101817598408642,0.06416175108740305,0.10624235072196493,0.1252239385043881,0.021205678853912863,0.1670504690383725,0.2217994519202703,0.04925450322230346,0.13829895934234365,0.05356990607318685,0.09412108683937545,0.13799630069317548,0.04520102302932454,0.11399083330404919,0.07571151364416326,0.14710476699676353,0.08048516054709755,0.0,0.12356629331555465,0.11178957837864106,0.1356255286692452,0.09713717930370258,0.1415835210947501,0.1108290684296484,0.11157335275423819,0.06170961961299832,0.09498007432977808,0.03423341540825754,0.15193215320434414,0.14065543788386892,0.056690763536918876,0.10640370841998961,0.09510375695590256,0.07371455394663315,0.12548574272351448,0.07708093300399457,0.11058961362304341,0.11565864638916765,0.1740696866967526,0.07896989925621647,0.049289460997857394,0.19812158458054477,0.06042657736521662,0.0038279516036975603,0.17377734617885404,0.14344051643345995,0.10601816499108416,Brute Force (SSH/FTP)
6414.50232162242,0.08643132896633991,0.08772429460260225,1127.933145762444,0.14736506428728818,0.04618828667971212,0.09650798573354452,0.12599079343193606,0.03989895594926296,0.024910419648038307,0.021566703169704188,0.0,0.181973702010954,0.2036818105397693,2401.0,0.12956322348594648,0.026206099560386456,0.08489813470812999,0.08322488739807718,0.027147499296223912,0.0,0.13434655808649973,0.04236065350451504,0.11581595121612748,0.03304892456148027,0.09130602093205362,0.25329759650242534,0.1124119601450228,0.004128207662756539,0.07150357469323168,0.11016936092111278,0.06267355869337815,0.1633213713483216,0.15297190921962786,0.10056847078981554,0.06766029562009435,0.0378801519603904,0.11899989490670146,0.07767285167820548,0.06943472844131074,0.15858365171595165,0.1349736859227796,0.1074569286187488,0.06373974492532664,0.08698573692756789,0.025747527841149906,0.0,0.16620792081752794,0.09979721143653922,0.08443240427256972,0.1411771141016443,0.03545137319284587,0.07916886630195993,0.1846275314471193,0.14115531539930504,0.0952843784639457,0.11838137759440814,0.1046277855717309,0.1489307535152993,0.05670269559005171,0.14642110001585268,0.06517633381543345,0.1273592795721417,0.11224660846742907,0.08324460857046173,0.014186070851906846,0.089353600710599,0.10587300893781977,0.11713404199810488,0.11755682242287929,0.06576980247515458,0.05511979338606863,0.10030021719109106,0.14021158789415358,0.14776799058170997,0.12898333620161145,0.0950869630797263,0.10867524265582937,Infiltration & Exploit
518.6196085209453,408.0,0.11630627462311414,0.0,0.0914657858644919,0.027113282510701664,0.09640137633799899,0.13889672048890656,0.045381867801250114,0.09768161649792743,0.11608975116775327,0.13021035167270295,402.0,0.10446909152477729,0.11432563402365573,0.02096451090907027,0.1422582677372406,0.086150667326845,0.06371266721893155,0.09446769547349379,0.0899804423403268,0.08217463328989383,0.08019001370893869,0.11208403318332132,0.09431172878364054,0.16550622534172144,0.08605898041971394,0.08894956944270749,0.15118792827512686,0.12808796349627943,0.11453540504655638,0.013619094264177692,0.22690966396530585,0.1331206935239035,0.11216380475321977,0.07701319282053593,0.09417440894059058,0.18613174983104785,0.1653598151630164,0.08170665538581107,0.08776010180466148,0.08169208963692362,0.039242655326553015,0.0,0.07594984506874645,0.15998752982938524,0.09675026065156594,0.14546443310780277,0.12846770348644782,0.131493355812607,0.0029407528266755106,0.11056638144339731,0.06471180287148103,0.1441901816372642,0.07066291411203243,0.17896842745330127,0.1060058198680093,0.10796551916736702,0.17553532300057567,0.18287969808398016,0.1592392542677303,0.08964018169960801,0.09997061952522564,0.06988006662259048,0.019067575942728884,0.16238230376738216,0.12514510236430781,0.11853628816850158,0.021154160386287174,0.021741756384561245,0.08597491451869227,0.13373219386715463,0.0939781441598416,0.08842500258819726,0.07445282656027595,0.08480796787490218,0.1861719625237534,0.1719838402612213,Brute Force (SSH/FTP)
1.076686649045493,1703.0,0.1818631136639032,0.16953780134982915,0.07123480681377894,0.009477847652185872,0.14670218236619692,0.05483378976298109,0.129274632335038,0.11877695088769667,0.038678145058427316,1319.0,0.09592038970306842,0.1133661884559587,0.10426793266952988,0.11658626131508584,0.15835144678865126,0.046583682235989826,0.12365762266897248,0.10100250611803609,0.1037939533352807,0.10940480083931078,0.11327117226279632,0.10696204744797183,0.17321451533525473,0.09935855690430988,0.11974671801784453,0.15488584660378774,0.11209522901421941,0.0557205814872073,0.1381371160069802,0.09702938391220318,0.08995065150141779,0.1794847951106167,0.12881744794425118,0.08872213660705885,0.10427213168460996,0.03162724925512041,0.043920121820558745,0.006725977801857172,0.13617307072227572,0.0,0.07626165073535689,0.0686387178085607,0.12297700933712233,0.10367296406231255,0.11430607867955227,0.15221907218160705,0.21833615978482923,0.0,0.045220660599127785,0.075021593180726,0.0822472315819722,0.07861432981854019,0.10431127302753397,0.03347323226373916,0.0188992694237632,0.029269915100356356,0.08918129795850008,0.09868534763924518,0.11631891759915199,0.15437723853813573,0.16476736192793257,0.1647870922990967,0.07444902037940453,0.11637993523739969,0.10868199884828852,0.1031971291556913,0.07037530610076233,0.17736911277158632,0.0854759997345968,0.2175996998209183,0.015169472631057584,0.16705194693661168,0.175010675390068,0.040814321880051775,0.006961067789059222,0.08436079913388186,PortScan (Reconnaissance)
8883.251543271697,0.1235301457610588,0.10624721164612162,1219.896345010739,0.13379468929663663,0.07539763768609646,0.0,0.052433701749688394,0.0051137578583695525,0.1425017011157272,0.1258269837808612,0.10184363072229767,0.03481824954476086,0.0702510864499131,1762.0,0.12112997243336307,0.0885251553847588,0.15885799526485786,0.0,0.08563584626129661,0.12276058076756541,0.06773455038924603,0.2051295535795391,0.0572337808456439,0.18494243286165574,0.07474515233913455,0.058303461331540525,0.028596521132410097,0.15771176273759208,0.035043972470110304,0.09176148315095664,0.1649307418343851,0.1632652219200982,0.06201670809306961,0.10486531773090069,0.11049748634492061,0.14381572503199458,0.11722238532749471,0.10193831858255438,0.1112192488868396,0.05994429433393178,0.07208410448874353,0.09489471970437105,0.09213143572056953,0.17977015770545718,0.08306924881081892,0.11183318910622855,0.039971749579189954,0.11528954736454268,0.13765483508953716,0.052810027589368036,0.06877540936365778,0.16331484317869216,0.13737410931923938,0.09043684584403397,0.06061270195791775,0.0,0.09234604170992605,0.1475004497649842,0.01700738177733188,0.1121010502593148,0.11510889235423151,0.06305849047474782,0.16163939858668674,0.09791849685602505,0.10374424899296408,0.0816915430166196,0.25618457039411785,0.026211207193980332,0.14047965287470926,0.10998952757051882,0.0849872841559142,0.13655094794495204,0.1519714399744415,0.1649406730164945,0.09204217976078835,0.1743277045395925,0.13207802723562814,Infiltration & Exploit
1768.64884183057,592.0,0.07060919891717225,0.09889757712487342,0.10194819519469933,0.1063301521411643,0.08084245719328505,0.11117396966222398,0.05872829540415786,0.0059645953251535044,0.08488842746651169,0.04074208140214156,290.0,0.10942310603610651,0.10818896382380976,0.06406474765095313,0.09069309019878945,0.14297226821935832,0.13959335323869812,0.031931420336760954,0.1542699022236471,0.1110857420127819,0.1245760341079593,0.057931894382106,0.0825778993545641,0.059370045440183046,0.0,0.14859754244327839,0.10269702159128005,0.14266103886303097,0.0789447845203619,0.13116451900656598,0.2332419663458446,0.1404833320483153,0.16200199671801974,0.08247108665264369,0.15142030962581055,0.01940610059612513,0.14016026320711697,0.048407727068238454,0.20095981996913434,0.16741055371877075,0.0895237177446173,0.12335813039670267,0.12094283989185226,0.1792379013437072,0.1276032714724542,0.10835203607729256,0.18139601891283866,0.09476794306325592,0.11898454775849908,0.07305796029323686,0.07792013579026566,0.15003432798498537,0.1438934699936669,0.07102662270095489,0.06019579129710628,0.0,0.03930390598364001,0.18501927555443168,0.07952790769050377,0.011774165085339877,0.1115922238906713,0.1094636456182428,0.11601682151171212,0.0,0.17473377068254953,0.07179796629307794,0.07372449846098691,0.10171008869260585,0.020015237759012733,0.136690389783926,0.20184666187202405,0.09065960650012643,0.10510309671596034,0.09072646476747986,0.06662121193839188,0.06387116734240511,Brute Force (SSH/FTP)
68.17975528624162,29759.0,0.11674793356929757,0.15177677644961632,0.07993277609947702,0.028133590886952137,0.03319687055497689,0.00044679896229011276,0.0797389587211033,0.1117042048456638,0.162315530021655,27279.0,0.17313337973787246,0.06033849214961759,0.17582109893763834,0.0962014365398346,0.15454892769079123,0.12399631534050054,0.15314990801022127,0.09252658485252888,0.09744176415714463,0.12055743893917431,0.04122201338724285,0.14172538424411688,0.08478325089603984,0.12406047062954234,0.07117628358409114,0.1555278797391696,0.048460696563102625,0.031001440294257707,0.01954629781497276,0.05851097751356253,0.14592437857767487,0.0688250886202231,0.027122167524922455,0.07049486912572517,0.059167388338153985,0.0749536544629259,0.15423912882067511,0.0,0.03657947871476598,0.1171758677083924,0.0675969898915871,0.09942440644683744,0.09844059044938135,0.15683007200424173,0.03210824433456291,0.09309175250264748,0.15347383668594294,0.14065869902053107,0.03179427046341181,0.11142974542688286,0.1270726276983279,0.04114277530956864,0.0703865645332879,0.11764556467124415,0.14444882273846918,0.1298641847440093,0.0009813440532509543,0.028205820041493856,0.18390199726642395,0.16082434390813455,0.09764980189572096,0.063296617645662,0.09516544663115559,0.09616135868730609,0.036943246637045055,0.04554198299586884,0.1323008282590904,0.1059325035580494,0.16700913719586824,0.042406587181003486,0.12631202439121744,0.05313531211029617,0.13986460201797912,0.17164076495810193,0.096574069199544,0.011928620828196873,DoS / DDoS Flood
4166.037951757753,0.13747369717806565,1010628.0649717698,1436.9377271966073,0.023925818624365172,0.06433950201112545,0.1521395596535789,0.13939484981825873,0.011327725755952672,0.11434301494411507,0.12820671872119302,0.07605692194919786,0.12751913732969666,0.13537269297883336,0.042313750419107746,0.1203483392411478,0.04182435295619591,0.05770497964564778,0.09595075720729343,0.12713248884157902,0.08586253998869701,0.1545133213851366,0.10804901295730426,0.13233156653017414,0.07472896797389184,0.16131699078794304,0.08396017856209974,0.11978300039078726,0.09828607860093042,0.12115835997765384,0.15688543559492632,0.01642239604921117,0.17626284676735643,0.13343259378811584,0.19321235515833876,0.12045556006401659,0.14350570634641635,0.13205432118727684,0.03559497139445754,0.11098657869910156,0.22804546573893505,0.05848468059626422,0.1484284996617101,0.10128332518355523,0.10315091334878478,0.11026895830925044,0.08637969889773575,0.13796053938282007,0.17049415002090368,0.0,0.09309463481522656,0.14951254744851997,0.15339961284127265,0.08060455915827511,0.13520959386807674,0.09704323097036771,0.12832430125662553,0.15890531051762485,0.1357635375181143,0.05641592609016155,0.13003645128586466,0.11529961232904545,0.10881145260779002,0.060671698835958354,0.1432098067695311,0.04779624568379823,0.19083138321842988,0.030273811170107065,0.08024393292393073,0.035449998800015314,0.12257771424590765,0.1364051484200705,0.12544168689910223,0.08174492486241329,0.09516345178006261,0.20107998410973035,0.08077261331875107,0.22253452330364157,Malware Data Exfiltration
495.969021360915,60.0,44026.53449425026,648.3488780388386,0.0035951447047106455,0.03076218984065776,0.1415901523629416,0.1181093796161462,0.10785740334145565,0.09420922264711354,0.10435560554433317,2.0,0.1267522224770462,0.08890307617673245,0.14015865069971917,0.10840261655588948,0.016141064157937007,0.09512300153393786,0.0964474234652665,0.08145991087861268,0.1833228529885756,0.06539764742286804,0.13215746888341856,0.05777807474720529,0.023821675850352608,0.07635288705875802,0.10277348956668257,0.047683115676351806,0.08520614748179009,0.10467454784229241,0.09901208469864964,0.1269884232521859,0.09592625498321947,0.16233526637835619,0.11755593173658596,0.06946637823985746,0.06024869139975227,0.02735257482666853,0.11729168170030742,0.06376461139960221,0.15296073117214168,0.07463496529741172,0.01784420379193309,0.16846595216191806,0.10104370124277764,0.07879147157434445,0.0683841300379141,0.10067143160416535,0.1561648716763272,0.1007138590008243,0.10747424879571076,0.12793927501152302,0.11308780519855668,0.09992916285987755,0.10575080352653946,0.05487040392695406,0.01968401820522267,0.06209840751180482,0.16358070707461964,0.06630374039416395,0.0,0.19492233707372641,0.0,0.10405525173143455,0.07353147004124584,0.1626009070322887,0.04120741925181809,0.16833283615036532,0.1381511803423525,0.09654125862867748,0.07516225403163329,0.1356658813376875,0.13983475172905666,0.11356551291470528,0.041621875993069074,0.10152441596201733,0.09167267031280127,0.10512044274575238,Benign Normal Traffic
2283.86872646777,0.14837337974521256,0.13379736712468202,1104.0627222212333,0.024919408923225334,0.1074989123705083,0.08625545220287745,0.07253615512337018,0.12645258619177527,0.1299875049009857,0.03570748778562767,0.076925210557264,0.10489690456073895,0.02823049712236053,906.0,0.0502480609498881,0.09084843019477422,0.14316503401113323,0.0761435646704367,0.1326490555443272,0.09205394224193984,0.06082242961771908,0.10535892251338068,0.0999367645203048,0.19253138418551585,0.19571693609657886,0.14154625460712925,0.1563259689723573,0.07734480746526932,0.12785986040054123,0.049742411955153026,0.16668796691515672,0.046086977785109895,0.13377347023198077,0.08520544931053708,0.04135380150824108,0.10233812438670373,0.0928481450657522,0.12682866028722634,0.08929389914482833,0.14174184448433086,0.08429101335860968,0.11118638796175472,0.11268090987103946,0.13202763995832537,0.0580527134962168,0.0860011366740393,0.021323878183463804,0.028101016003887577,0.0515316688964988,0.1164053159687699,0.16929680992963947,0.1101238133502918,0.14555712167308735,0.0412062209681792,0.1714744481232992,0.14073175460588697,0.09339881549158101,0.06466567894852815,0.0778906878616304,0.0,0.05936003392251488,0.09164892258045386,0.12174393503342211,0.054344436974482574,0.09394771861508341,0.06871451086550395,0.0625173175363219,0.01959146213728498,0.044441300232817074,0.015156049825047216,0.1666150602478207,0.167469364150375,0.03686192238948893,0.12700310887534022,0.019131997444602936,0.02148720658354772,0.14160325714993802,Infiltration & Exploit
4358.379112516086,0.12279131765845222,1022613.3231632462,1454.9489702862481,0.06250504058930792,0.07799422390164504,0.1670758040456542,0.13134331600168817,0.14059438008804553,0.09820331611900354,0.1320587453944163,0.028489140962177292,0.18187458596138528,0.12154911474061705,0.12589302507400246,0.005898664698707867,0.1868530734294629,0.13539983092205887,0.09559053881174315,0.06030681627737773,0.18311803083860156,0.10428084487185826,0.026818364853543122,0.12861119407657354,0.04466144611381859,0.07830108540257123,0.10672263663031929,0.07035151352954787,0.12992550050618434,0.06486822930175784,0.15582261754050664,0.05350057416416029,0.1447342776228191,0.011799000011640998,0.0983821442777585,0.0049242504517344465,0.07631721342360492,0.14963319882574258,0.039787848577025865,0.018895979415556097,0.10031833283568618,0.12047098872779655,0.1079810249971089,0.15117355770286173,0.15549824621316855,0.11357549777165285,0.13711624331183567,0.0357520671871879,0.13569000467858103,0.09924625977614861,0.09736031804923122,0.06594089996892806,0.1295387231427217,0.14173908853625694,0.04745697319464919,0.19721140429083997,0.14194734001506382,0.052373373775855325,0.030510421357934567,0.10408191602794499,0.104248614815875,0.06961739068083117,0.10273121232791364,0.04405028857982484,0.0889328760726906,0.04348219188884897,0.08735239794868713,0.17896209257658482,0.12981929277805093,0.13279554246250075,0.05177864849885008,0.027556871059942464,0.08150720785639166,0.18132168098234436,0.12176851756817478,0.03252553977921381,0.08765225976340832,0.13118179978137104,Malware Data Exfiltration
1500.6533107563832,0.05834189503714665,0.10555999102697788,1235.7230109390289,0.06460746408494997,0.08148743437098743,0.13171440029402628,0.13033205884218874,0.07672958266819657,0.13874165352316614,0.1300248475319681,0.09652377243285185,0.08207050305222485,0.10778772608112396,1961.0,0.08298278999564185,0.08386135154058112,0.019912045344258028,0.11313562914828235,0.003425346425504447,0.06741864439654718,0.10702465173657451,0.11818927745941163,0.07666154505513403,0.09938944244480372,0.1524020263702948,0.1582109060035441,0.08147376917567478,0.1657637552462978,0.07126587904105833,0.09779053007404423,0.14864635688176153,0.10064551908728021,0.0418276264884949,0.0720862458952346,0.06720499596302842,0.030780385709953367,0.08338683774436428,0.08433449257933036,0.10714014721662066,0.1515944829637653,0.08412618835454377,0.10755295654700998,0.1368096556337012,0.1425824611197312,0.12217541816178479,0.19486834967951236,0.15297302501652746,0.10792513688062497,0.07504843618985846,0.022993965765763583,0.14273454255637122,0.09043578601729735,0.080115801297673,0.11272647435793677,0.038689653065527185,0.13259677024889377,0.0980252482484977,0.13861360734444675,0.06723682032204698,0.01845909150710283,0.12173663209604459,0.13985800873245016,0.09315967940073515,0.09074435713635338,0.11972170123138028,0.09106406302928784,0.0936785629482325,0.03102858302358122,0.13087223754149677,0.053485012519555855,0.1463722692475191,0.08028573474615606,0.13898456272022333,0.0580822804170698,0.04979060948332024,0.0211130900706058,0.13760722255132352,Infiltration & Exploit
1005.0485431627909,44.0,42468.8599688528,667.1446910113291,0.06355894841429191,0.009165972473472839,0.14010917878610638,0.0857456073282149,0.13199098473225346,0.11652693029462552,0.045841877485156196,2.0,0.10892465208106486,0.02330587329007698,0.10635517599776095,0.14338511538620763,0.1341863476520804,0.09330728807510534,0.0,0.07651341112081986,0.1167446150127314,0.15174283433560615,0.01801323748861053,0.1169694232961568,0.1445515674446636,0.16416083124068404,0.10350805896151455,0.08734815607000886,0.127490732707503,0.14502429530570318,0.029025712491489233,0.0008897812080662648,0.13921574131528852,0.08627393491241396,0.12309480346802751,0.11978677577816542,0.09668397814689766,0.18114353470799613,0.10840003462739232,0.08614102751882897,0.09843153028728166,0.0,0.11435777368559057,0.07559461460993241,0.11074950716083848,0.10504498901309883,0.03714162577477301,0.15211607734537333,0.20331008959746477,0.2213848765596305,0.09169403078300302,0.06300692387897966,0.1774192858008531,0.07814746977703863,0.1229357801208881,0.04154958046339291,0.17253916754204085,0.18122742685058946,0.12907924043667,0.07639351827711899,0.12379739467622228,0.03218786201521674,0.009711899991685632,0.1352182577992027,0.15707620873847397,0.09591271428975251,0.04015383436482033,0.10025067619480096,0.08524348573991176,0.2000149484285255,0.07594195490930251,0.06754152469209987,0.13714023205641995,0.09361499865915258,0.0525414667923111,0.05996915422710504,0.1267357883362465,0.14588462343977748,Benign Normal Traffic
30.908887152613655,31866.0,0.07733788673733111,0.1897155132597485,0.16892500291337567,0.038169539241599305,0.05671687799737432,0.0007604729316535047,0.06907305694885267,0.000767180348386659,0.1505563988007078,26003.0,0.08752181946157321,0.060563755204850356,0.023350668202500063,0.1080408297486145,0.14082411023833158,0.08487459643358337,0.052010730780736,0.06801992897579777,0.08279387061854343,0.04027486440979953,0.062164501506546045,0.06619227285805482,0.008082690552080371,0.043123654230487175,0.12163945621194555,0.0,0.08389647936444287,0.09462224093523589,0.10625734543404547,0.09828078728281309,0.05489257480226694,0.13116603599695936,0.02511518665873949,0.12810233841655375,0.04596000926831167,0.09938192895094397,0.15049440635276734,0.1809889589644303,0.13737018544428356,0.010902457910273805,0.0,0.04025539439704842,0.1101197238947163,0.017812187098668747,0.07002989198699164,0.09412262204967718,0.10460664970076335,0.07587291630243055,0.1513673135779694,0.10430161892348885,0.16295477962518945,0.12156758092361226,0.10947292989324692,0.049399482927285514,0.11208853107783387,0.10249622932159644,0.14191949526308417,0.03509135002343251,0.12313622653312957,0.147044769764831,0.2000091804053749,0.19493726625437932,0.025618827432317387,0.0,0.15603782368280333,0.09182681672453967,0.0,0.1346969110938023,0.12404656802642786,0.18904389163137822,0.10695577155022803,0.024220648701364006,0.13586951819453238,0.18463922580809544,0.12604301427298473,0.09301813204042665,DoS / DDoS Flood
444.03028160862675,44.0,45893.6262012187,385.2768946180315,0.11304834858664527,0.11522267082601909,0.033430001182499405,0.0794480202137662,0.10467813320490525,0.11246671004815256,0.10172235108341734,1.0,0.12412962431004619,0.07414016416547503,0.11191008670644195,0.05728396783854913,0.11990958950988526,0.08904192712597729,0.10943917584877924,0.0957806451451787,0.09349475486966098,0.13448467611892287,0.05877772882358423,0.14938977037262305,0.08533287541893858,0.14969251077642737,0.0642967854075085,0.15159113773433344,0.13725661527581287,0.07868432422576078,0.062210136332856526,0.0845604229655663,0.05247208743119344,0.1418157797228814,0.11663447806374651,0.1619113772769243,0.2132963205812197,0.09797982736821152,0.01372125090972616,0.06796476307852933,0.052082912207819056,0.1307543211856783,0.15319400336626554,0.09016089799439776,0.14631945144527958,0.09181640678838837,0.04259842801647066,0.10620990939044875,0.0909390794345633,0.0653613939937055,0.07054248932337776,0.20372995827933696,0.12600449166554922,0.03341111081348115,0.1575343210534579,0.13078456747424289,0.07876376041869146,0.11075897668355164,0.21517498769973642,0.1084954639832003,0.09860428686498358,0.018709481331933592,0.08832811250408067,0.12316966312423913,0.05693743878694066,0.06845633157856001,0.180475306599576,0.0,0.12043967788406966,0.035336923072104814,0.056458121885592044,0.13684119133981756,0.13208507853101337,0.053672299473018575,0.03409302141142263,0.056039068584553625,0.04765240798783604,0.11640107612428735,Benign Normal Traffic
8469.785677461823,0.06678217218260823,1421923.9943786731,1405.060691257257,0.1770358424748373,0.15574742830269905,0.13737693392946962,0.10113393982067177,0.10687819055338404,0.02939987572699762,0.07160090511497601,0.11461276705292403,0.10191919729813446,0.1407069276868412,0.09413656818899344,0.021699599507778694,0.0015593145048451301,0.03040804161609441,0.07231137559827135,0.15469570574296665,0.038481716356628164,0.12024475370495472,0.0914279542926264,0.11182927371546701,0.04326434096233827,0.10708753605457653,0.03090901455636473,0.07646406782336913,0.10621544852680002,0.117957673189732,0.07118673988001858,0.11612763247013513,0.003983001313991125,0.10251685598950368,0.1389647694822872,0.130730653651997,0.013904247493871202,0.07309333501766663,0.20168560167285862,0.02041509253489812,0.15027228471400572,0.07443511646983075,0.06460332184650472,0.09029284068398133,0.10315707721040672,0.11864138945085839,0.046757950720146435,0.13176063801831844,0.12339383233920283,0.13592881213967958,0.12021650174387796,0.05515619650593759,0.1644850521343762,0.1122176242214427,0.17380170147253166,0.10705789341244004,0.06224738432643214,0.12878166555190967,0.0960664822455419,0.053682398839862845,0.002282984101091609,0.11907084367296271,0.0,0.12162919188018767,0.06776799102374413,0.12628473303844362,0.20004393795561515,0.06880861507934202,0.08739318491197867,0.005313698171554401,0.04202732271799047,0.09596354841574886,0.07412462707515453,0.20610264005477408,0.11754371771877906,0.040564338742250565,0.03577142533945585,0.07761068392864828,Malware Data Exfiltration
1363.5577805275284,57.0,37168.76086962472,892.9387682981233,0.07357979514737698,0.0798126844837869,0.14229698528402748,0.0777373181711416,0.06840718768505091,0.12493610113612842,0.14454617434683065,1.0,0.03373845641970359,0.2104123438926208,0.1381619014499759,0.24685635074966017,0.08843369942316445,0.091114807793298,0.04390623327855936,0.12235236564045349,0.022521273791754545,0.09680483571131669,0.136385027621614,0.08785244696305167,0.06022759064863299,0.04551763668199084,0.08911583139266997,0.13933301533532333,0.06745456280065501,0.10170418765980695,0.17450149886315208,0.05183048385470133,0.12932278946118012,0.12637076213029594,0.06598390233773206,0.03877427931903893,0.16951478787612087,0.110800551746011,0.03662364142611489,0.07076218786360401,0.06775788430906607,0.08823985978736404,0.15715179228022025,0.10143349812518788,0.10454759866572408,0.08029545673638194,0.05466091512748142,0.09796928799326411,0.10712759442571734,0.19448679269920718,0.0977238102164304,0.16431713520507063,0.05351794359552572,0.11382836129090763,0.06450404829878827,0.10878944217176481,0.14318982395032598,0.11791066656274071,0.14067243698827991,0.06696219503062345,0.022942100951450967,0.16469272582529626,0.08448595486835243,0.12138995071296615,0.11409898275542266,0.10791619224576594,0.18777410132402142,0.16352259079211662,0.09328629965320943,0.11209396019299553,0.03098846645119567,0.08703546432138591,0.006999787214217651,0.025945976016944455,0.15693049907373774,0.06328947560877533,0.08633915629812891,0.12036286021287829,Benign Normal Traffic
4076.0182160289805,0.11307986147756054,99.0,55.42148214475205,0.07076983620197594,0.16950224658441382,0.07252810258743353,0.11623554208387882,0.15894510664729228,0.10294919733262951,0.10030802300200364,0.07184101828860023,0.16787106276023098,0.006620923571845461,0.1434683573489661,0.062035571168918203,0.12434472755326763,0.10339888747179657,0.10428721031907029,0.13567360982802726,0.1786758959770232,0.1336805982920084,0.09352959927719716,0.053571154217536505,0.11103971682432053,0.20049762970113177,0.07011573901348465,0.15980311432009678,0.06357332187258177,0.11050875659417417,0.13132025454424012,0.0968902507354768,0.10471604163101834,0.09548633641861126,0.03575068017457578,0.02468641467917307,0.0,0.12013847183176604,0.11888899405891754,0.12115217803589438,0.06622177103798166,0.06302838468075066,0.10436802205978987,0.06438460259364967,0.18617120644836554,0.14178532544846825,0.1773041062177758,0.14763230759663978,0.003614651732089247,0.13349997123293633,0.0,0.1670093941396119,0.11802707903235457,0.10170529398922527,0.05819775421792597,0.08946610101886596,0.0,0.11563196028475503,0.1541124214803219,0.05375934299343753,0.13187008086009994,0.1138484443424616,0.12059863803958104,0.14846608324403426,0.08488677760585206,0.13658400011180027,0.0569446183182394,0.0,0.1460579401824739,0.1246453375249357,0.10965240014558714,0.08311081185293671,0.08332171317217153,0.10014149070922605,0.04833971398541775,0.16357842873199496,0.12818890109079403,0.1508742110497756,Botnet Command & Control
